iso3,country_name,year,internet_penetration_pct,gdp_per_capita_usd,population,urban_pop_share_pct,broadband_per_100,internet_pct_interpolated
AUS,Australia,2010,76.0,53768.349733441,22031750.0,86.2198600512143,24.8853051640712,False
AUS,Australia,2011,79.4876977139029,54296.2321324814,22340024.0,86.3268946146423,24.697756094089,False
AUS,Australia,2012,79.0,55465.4462872577,22733465.0,86.4451259136625,25.0955644344698,False
AUS,Australia,2013,83.453497167,55966.1509270561,23128129.0,86.5740515760243,25.7399315811014,False
AUS,Australia,2014,84.0,56571.8062524437,23475686.0,86.7221289343356,27.7000785019208,False
AUS,Australia,2015,84.5605149091408,56970.3613028094,23815995.0,86.8778642539361,28.5117731324726,False
AUS,Australia,2016,86.54000092,57632.9995925594,24190907.0,87.0166295249235,30.3083074972206,False
AUS,Australia,2017,86.5450488476768,57991.771347333,24592588.0,87.12809266445,32.0326223266488,False
AUS,Australia,2018,90.0082016,58772.7063152213,24963258.0,87.2267680845925,33.5486251312018,False
AUS,Australia,2019,93.60990143,59181.2997904131,25334826.0,87.3019647888406,34.5434163723691,False
AUS,Australia,2020,94.6934967,58377.7670517802,25649248.0,87.2713470458985,35.346849265518,False
AUS,Australia,2021,96.97219849,59465.535671364,25685412.0,87.2353407632761,35.8359861455454,False
AUS,Australia,2022,96.11940002,61200.4588964781,26018721.0,87.3343268253813,36.3933201898066,False
AUS,Australia,2023,96.1160965,61869.082498576,26659922.0,87.4866955653765,36.627426494239,False
AUS,Australia,2024,96.13140106,61480.670710531,27196812.0,87.6021469990446,36.4788276060473,False
BGD,Bangladesh,2010,3.700000048,943.66422864236,152201981.0,27.7254372588696,0.272380817434958,False
BGD,Bangladesh,2011,4.5,995.579947155662,153591076.0,28.1100162712427,0.30503074280175,False
BGD,Bangladesh,2012,5.0,1050.39140404066,155070101.0,28.4787972894576,0.387219068103915,False
BGD,Bangladesh,2013,6.63,1103.15695907123,156532141.0,28.8407036106763,0.974448436120221,False
BGD,Bangladesh,2014,9.052900314,1159.40753475981,157964929.0,29.1944442321013,1.95813780918421,False
BGD,Bangladesh,2015,12.36880016,1224.38647668165,159383179.0,29.5395099477892,3.06992245398744,False
BGD,Bangladesh,2016,16.89909935,1299.83091360792,160811932.0,29.8753915517965,4.09944456111627,False
BGD,Bangladesh,2017,21.5,1373.75363740186,162186147.0,30.2015798381799,4.5013092271068,False
BGD,Bangladesh,2018,25.56509972,1462.25050255713,163523103.0,30.5175656009959,4.92461851093909,False
BGD,Bangladesh,2019,30.38310051,1564.20802445636,164913055.0,30.8228396343012,4.90288655437254,False
BGD,Bangladesh,2020,36.10910034,1604.6659234742,166298024.0,31.1168927321524,6.04506220711318,False
BGD,Bangladesh,2021,38.91744466,1702.08028414189,167658854.0,31.3992156886061,6.64246518111116,False
BGD,Bangladesh,2022,41.61650085,1804.3493461776,169384897.0,31.673734726234,7.17020479104462,False
BGD,Bangladesh,2023,44.50274195,1885.37733613545,171466990.0,32.1578465036834,7.89245848428319,False
BGD,Bangladesh,2024,53.42171316,1941.27874360025,173562364.0,32.6783196323307,8.08931134401926,False
BRN,Brunei,2010,53.0,33121.3178241724,392332.0,75.2506559029998,5.53077495590469,False
BRN,Brunei,2011,56.0,33754.3640783713,399389.0,75.312125504778,5.80511731670126,False
BRN,Brunei,2012,60.27310181,33544.5389457877,405557.0,75.2714233503027,4.8942565410041,False
BRN,Brunei,2013,64.5,32381.0739795231,411202.0,75.1756915148608,6.70157246316895,False
BRN,Brunei,2014,68.76999664,31148.7297405401,416750.0,75.0572639801502,7.26070785842831,False
BRN,Brunei,2015,71.19999695,30625.1287744656,422212.0,74.9484620568562,8.15348687389274,False
BRN,Brunei,2016,90.0,29492.4145927789,427564.0,74.8816070556641,8.44785809843673,False
BRN,Brunei,2017,94.86669922,29524.65912789,432772.0,74.8476440654983,9.49044762600168,False
BRN,Brunei,2018,95.0,29200.1952024222,437810.0,74.8172471714305,11.2953107512391,False
BRN,Brunei,2019,95.0,29996.2407223175,442680.0,74.7923311783673,12.2424776362158,False
BRN,Brunei,2020,96.30549622,30015.9588506697,447404.0,74.7748108912151,15.886760064729,False
BRN,Brunei,2021,97.62879944,29256.1833678343,451721.0,74.7667316936175,17.580984722871,False
BRN,Brunei,2022,98.97042579,28549.1756060465,455370.0,74.7772642014221,19.8049937413532,False
BRN,Brunei,2023,98.97039795,28645.9645396284,458949.0,74.8199193881365,20.2120497048692,False
BRN,Brunei,2024,96.29828801,29563.8682753082,462721.0,74.8983133873697,21.1771240120937,False
CAN,Canada,2010,80.3,41164.3399119626,34005902.0,81.0120892252937,31.6318242774001,False
CAN,Canada,2011,83.0,42043.6419795513,34339221.0,81.1031425434213,32.6506480077297,False
CAN,Canada,2012,83.0,42320.6431330726,34713395.0,81.1513483248791,33.4738596726536,False
CAN,Canada,2013,85.80000305,42851.170527104,35080992.0,81.183439957458,34.2683042479886,False
CAN,Canada,2014,87.12000275,43643.2356440047,35434066.0,81.211183161556,35.2694249557112,False
CAN,Canada,2015,90.0,43594.1941045394,35704498.0,81.2465670276699,36.4698589080979,False
CAN,Canada,2016,91.16000366,43551.3425975115,36110803.0,81.3023011093703,36.8232874759276,False
CAN,Canada,2017,92.70140076,44339.3886689254,36545075.0,81.4018945832226,37.8276923396247,False
CAN,Canada,2018,94.64,44907.3436912123,37072620.0,81.5500341646653,38.7333531661948,False
CAN,Canada,2019,91.91290283,45100.2915069262,37618495.0,81.7363672047941,40.076756874499,False
CAN,Canada,2020,92.3,42366.1285377884,38028638.0,81.9509888710566,40.7949805592606,False
CAN,Canada,2021,93.93710327,44639.193269037,38239864.0,82.1779279079275,41.6930962576979,False
CAN,Canada,2022,94.0,45677.686578804,38935934.0,82.3500897353968,42.1792116530791,False
CAN,Canada,2023,94.14530182,45048.2842408265,40083484.0,82.5250564408346,42.5241770773151,False
CAN,Canada,2024,94.353302,44413.3983847404,41288599.0,82.7002565766633,42.5238215177079,False
CHL,Chile,2010,45.0,11649.2897090856,17181464.0,86.9560135592209,10.4144501306757,False
CHL,Chile,2011,52.2496072877744,12252.8441074615,17351816.0,87.0109164653326,11.5909712274496,False
CHL,Chile,2012,55.04999924,12882.834417927,17519119.0,87.0824943735696,12.3655190651996,False
CHL,Chile,2013,58.0,13182.7329619856,17687006.0,87.1827777654221,12.9765829219485,False
CHL,Chile,2014,61.11000061,13285.9540361192,17864195.0,87.3133701497978,13.9369112350151,False
CHL,Chile,2015,76.6295919508796,13433.9202987032,18047625.0,87.4653320342387,15.0681266925704,False
CHL,Chile,2016,83.5585860244169,13505.097711133,18267221.0,87.6306290578181,15.9005028734256,False
CHL,Chile,2017,82.3274869338464,13473.3458532934,18558868.0,87.8000295757281,16.5009633130641,False
CHL,Chile,2018,84.90000153,13763.0068844795,18893191.0,87.9620493753008,17.2066645597348,False
CHL,Chile,2019,85.01760101,13630.5935435578,19197744.0,88.1273685623538,17.8649532986793,False
CHL,Chile,2020,87.45929718,12679.024004022,19370624.0,88.2953490438375,19.4305872645094,False
CHL,Chile,2021,90.23280334,14051.4713630677,19456334.0,88.4660511664452,22.0140443723879,False
CHL,Chile,2022,92.31819916,14283.1489501524,19553036.0,88.6395352768685,22.7901897178525,False
CHL,Chile,2023,94.45742345,14280.3475638842,19658835.0,88.8158617217972,22.9954165646133,False
CHL,Chile,2024,95.590243,14579.4001071307,19764771.0,88.9950908479196,23.731405742065,False
CHN,China,2010,34.3,5764.86534987407,1337705000.0,49.2340270628041,9.34748427588032,False
CHN,China,2011,38.3,6275.90956436258,1345035000.0,51.8300285339355,11.504276685286,False
CHN,China,2012,42.30009842,6723.19443752823,1354190000.0,53.1003112792969,12.791553937217,False
CHN,China,2013,45.79999924,7198.06876478162,1363240000.0,54.4900016784668,13.6989049026864,False
CHN,China,2014,47.90000153,7686.57792954381,1371860000.0,55.7502555847168,14.4445199866037,False
CHN,China,2015,50.29999924,8175.33285077393,1379860000.0,57.3297843933105,19.8437947555032,False
CHN,China,2016,53.2,8679.37704460133,1387790000.0,58.8399238586426,22.9761329915729,False
CHN,China,2017,54.3,9221.51403820573,1396215000.0,60.2402687072754,27.9101271418763,False
CHN,China,2018,65.35839844,9798.6528523316,1402760000.0,61.5001983642578,28.7089097131815,False
CHN,China,2019,64.080881297515,10356.4804194995,1407745000.0,62.7099151611328,31.5611222411202,False
CHN,China,2020,70.05275998,10573.6420059282,1411100000.0,63.5234230266258,33.9069794578039,False
CHN,China,2021,73.05323517,11469.5707134928,1412360000.0,64.721076965332,37.5611751315805,False
CHN,China,2022,75.61131603,11830.5983703496,1412175000.0,65.2176361083984,41.3736197056022,False
CHN,China,2023,90.6,12484.1578844175,1410710000.0,65.5301448035523,44.728886496649,False
CHN,China,2024,92.0,13121.6769905565,1408975000.0,65.8946980998325,47.1933952081567,False
FJI,Fiji,2010,20.0,4272.359150902,910419.0,52.0415147785104,2.5537691985778,False
FJI,Fiji,2011,28.0,4375.5808542034,912989.0,52.5335449475105,2.54658051739944,False
FJI,Fiji,2012,33.74240112,4427.97844455038,914918.0,53.0383211294771,1.47729086103891,False
FJI,Fiji,2013,35.20000076,4630.35126544718,916352.0,53.5552726299291,1.19244569772315,False
FJI,Fiji,2014,37.40000153,4883.24300436251,917585.0,54.0838287543856,1.35431594893116,False
FJI,Fiji,2015,42.5,5097.53106864695,918578.0,54.6234188083653,1.38627313086096,False
FJI,Fiji,2016,49.41999817,5218.85823412748,919166.0,55.1734720973874,1.34165101842322,False
FJI,Fiji,2017,53.6473999,5500.67840152349,918759.0,55.7408343449609,1.32080338804844,False
FJI,Fiji,2018,58.2364006,5720.21447177109,917180.0,56.2328347385698,2.08214309077826,False
FJI,Fiji,2019,63.21789932,5701.10435269432,914899.0,56.70989552257,2.34495829594305,False
FJI,Fiji,2020,68.62560272,4721.1228189763,914963.0,57.186684691874,2.52053908190823,False
FJI,Fiji,2021,70.56800079,4507.33353596072,916711.0,57.6618364761928,2.51573287546457,False
FJI,Fiji,2022,72.56549835,5291.51693123572,919422.0,58.1352701465266,2.53376577893503,False
FJI,Fiji,2023,74.1160965,5761.5694863591,924145.0,58.6069049738768,1.82947481185312,False
FJI,Fiji,2024,74.7052002,5935.20896505673,928784.0,59.0766602292457,1.80009560888215,False
FSM,Micronesia (Fed. States),2010,20.0,2884.91733583068,107540.0,22.2903529875138,0.92802678073275,False
FSM,Micronesia (Fed. States),2011,22.79999924,2989.68205288365,107698.0,22.2914664135472,,False
FSM,Micronesia (Fed. States),2012,25.97439957,2933.79998441501,107890.0,22.2942568788425,,False
FSM,Micronesia (Fed. States),2013,27.79999924,2819.90328917215,108121.0,22.2986323961146,1.90804746533976,False
FSM,Micronesia (Fed. States),2014,29.64999962,2740.01667828088,108396.0,22.3046193122479,2.8525037824274,False
FSM,Micronesia (Fed. States),2015,31.50110054,2853.07643587028,108716.0,22.3122336099411,3.0142757275838,False
FSM,Micronesia (Fed. States),2016,33.35219955,2870.49424845266,109075.0,22.3214896137555,2.90534036213614,False
FSM,Micronesia (Fed. States),2017,35.30410004,2922.07246225843,109481.0,22.332401189542,3.44900028315415,False
FSM,Micronesia (Fed. States),2018,36.61460114,2910.6935304708,109909.0,22.3449820355433,,False
FSM,Micronesia (Fed. States),2019,37.97370148,3019.25086619614,110282.0,22.359245777081,4.533831450282,False
FSM,Micronesia (Fed. States),2020,39.38330078,2951.77114318964,110916.0,22.3752060036598,5.40949908038516,False
FSM,Micronesia (Fed. States),2021,39.205600739999994,3023.96457451783,111624.0,22.3928762855411,5.37518813158461,True
FSM,Micronesia (Fed. States),2022,39.0279007,2923.25915160041,112114.0,22.4122701819053,5.81818506163369,False
FSM,Micronesia (Fed. States),2023,39.39889908,2923.05174793291,112630.0,22.4334012451903,,False
FSM,Micronesia (Fed. States),2024,39.52360153,2930.27926555574,113160.0,22.4562830235421,,False
IDN,Indonesia,2010,10.92,2670.8129098953,246305322.0,49.8521375148888,0.925808659546544,False
IDN,Indonesia,2011,12.28,2799.62468790318,249470032.0,50.4830017089844,1.09687683849738,False
IDN,Indonesia,2012,14.52,2930.518445323,252698525.0,51.1593933105469,1.18045801810675,False
IDN,Indonesia,2013,14.94,3055.24246006469,255852467.0,51.8307495117188,1.27096683417948,False
IDN,Indonesia,2014,17.1431598350566,3170.72103011429,258877399.0,52.5002136230469,1.31336301010966,False
IDN,Indonesia,2015,22.062742603379,3288.22269725538,261799249.0,53.1720771789551,1.52139473860752,False
IDN,Indonesia,2016,25.447353701827,3416.81005170972,264627418.0,53.812557220459,1.9753784545485,False
IDN,Indonesia,2017,32.335806250688,3553.51999262321,267346658.0,54.4541015625,2.32504234259027,False
IDN,Indonesia,2018,39.9046386385762,3701.32155461912,269951846.0,55.0956840515137,3.28729591276809,False
IDN,Indonesia,2019,47.6906489788375,3850.90321738979,272489381.0,55.7382049560547,3.77422560918071,False
IDN,Indonesia,2020,53.72649449,3739.44906563161,274814866.0,56.2785287648768,3.92993769121646,False
IDN,Indonesia,2021,62.10447842,3850.68877253903,276758053.0,56.8761702464027,4.4874632789818,False
IDN,Indonesia,2022,66.48461277,4024.91225288391,278830529.0,57.4934704226599,4.82151507878823,False
IDN,Indonesia,2023,69.20836554,4192.65167890692,281190067.0,58.1179353397878,4.81663955789733,False
IDN,Indonesia,2024,72.78075544,4367.86266621191,283487931.0,58.7509635387997,4.92196685438436,False
IND,India,2010,7.5,1235.15939133951,1243481564.0,30.9042190810094,0.883808841093522,False
IND,India,2011,10.07,1281.61054354933,1261224954.0,31.2746502853309,1.05858887089543,False
IND,India,2012,11.10000038,1333.09626557668,1278674502.0,31.5898935604399,1.17169600055105,False
IND,India,2013,12.30000019,1399.4537980287,1295829511.0,31.9096789235237,1.15197793176359,False
IND,India,2014,13.5,1484.31640682913,1312277191.0,32.2288233408821,1.20020374567342,False
IND,India,2015,14.89999962,1583.99815907985,1328024498.0,32.5472990022299,1.27578595315943,False
IND,India,2016,16.5,1694.46534973825,1343944296.0,32.8650780972823,1.38795276378032,False
IND,India,2017,18.20000076,1788.69770318446,1359657400.0,33.1821328157539,1.31327377028949,False
IND,India,2018,20.0813000379384,1883.35772705062,1374659064.0,33.4984353473598,1.3217822859385,False
IND,India,2019,29.52350044,1936.03067741067,1389030312.0,33.8139578818147,1.37913181839908,False
IND,India,2020,43.40544313,1806.50110583878,1402617695.0,34.1286726088333,1.63622632751685,False
IND,India,2021,49.2580986,1965.30943437506,1414203896.0,34.4425517181304,1.9487996093033,False
IND,India,2022,55.9,2098.2112447615,1425423212.0,34.7555673994206,2.35231555917724,False
IND,India,2023,60.25230026,2270.9051808027,1438069596.0,35.0676918424186,2.74534696441771,False
IND,India,2024,64.9434967,2396.94999213544,1450935791.0,35.3788972368389,3.15046250037677,False
JPN,Japan,2010,78.21,32942.2020783835,128070000.0,90.6228586840649,26.6035065260031,False
JPN,Japan,2011,79.0541135244739,33011.1342301291,127833000.0,90.8631654434251,27.8666731326287,False
JPN,Japan,2012,79.4964,33518.4449368599,127629000.0,91.0265277326652,28.2442659182057,False
JPN,Japan,2013,88.219428911,34239.8862473488,127445000.0,91.1516595654317,28.9051021054089,False
JPN,Japan,2014,89.1068330166075,34386.9058552671,127276000.0,91.2548945132333,29.6414897863191,False
JPN,Japan,2015,91.0580283929962,34960.6393843385,127141000.0,91.3532644103625,30.5419859940146,False
JPN,Japan,2016,93.1827212821617,35242.199377148,127076000.0,91.4541254852142,31.3035556297124,False
JPN,Japan,2017,91.7265472366635,35861.9728545672,126972000.0,91.5498419685883,31.8990791226107,False
JPN,Japan,2018,88.7463508901772,36138.5290824814,126811000.0,91.6377318609728,32.6965336498031,False
JPN,Japan,2019,92.7303978145525,36043.7844013518,126633000.0,91.7164207898107,33.545921250597,False
JPN,Japan,2020,90.21945812,34642.9718743239,126261000.0,91.7809926267889,34.8370612448992,False
JPN,Japan,2021,82.91407928,35741.1601062924,125681593.0,91.8741049279527,35.9391724358064,False
JPN,Japan,2022,84.92343147,36238.3294895302,125124989.0,91.9776532428406,36.8414210393741,False
JPN,Japan,2023,85.00990295,36952.5150709861,124516650.0,92.0826903891473,38.6312383711286,False
JPN,Japan,2024,85.54153081,37152.5636003552,123975371.0,92.1901718034531,,False
KHM,Cambodia,2010,1.26,1155.85236856699,14500726.0,21.1232251168762,0.245960098825397,False
KHM,Cambodia,2011,3.099999905,1221.38839852454,14722584.0,22.3824788531276,0.149430290226227,False
KHM,Cambodia,2012,4.94,1295.25271477893,14945085.0,23.9411047582349,0.198955041072031,False
KHM,Cambodia,2013,6.0,1376.29557595926,15170208.0,25.7644735090271,0.215211287808315,False
KHM,Cambodia,2014,14.0,1464.53115866927,15396772.0,27.8179557823331,0.429382210764698,False
KHM,Cambodia,2015,6.43319107021405,1547.32010444393,15623251.0,30.0669222549819,0.534485428160887,False
KHM,Cambodia,2016,32.3984517141849,1645.46671578126,15852803.0,32.4767436038024,0.615922622642822,False
KHM,Cambodia,2017,32.9002785437986,1753.93530504662,16073372.0,35.0127905056235,0.831393686402579,False
KHM,Cambodia,2018,65.0,1884.28374817086,16274522.0,37.6404336372742,1.02122815035674,False
KHM,Cambodia,2019,52.305878224498,2008.32094006706,16481304.0,39.5830241256026,1.11871609188205,False
KHM,Cambodia,2020,56.37590027,1908.63427518336,16725474.0,39.832658030922,1.39770029835926,False
KHM,Cambodia,2021,60.76269913,1938.76436741728,16974305.0,40.1091858128847,1.98089406311481,False
KHM,Cambodia,2022,65.49079895,2011.27433313262,17201724.0,40.374616187368,2.9638308346303,False
KHM,Cambodia,2023,68.92549896,2085.05748462122,17423880.0,40.6290788072508,3.64181801068419,False
KHM,Cambodia,2024,68.47530365,2182.71843902341,17638801.0,40.8727033252729,4.14566160137529,False
KOR,South Korea,2010,83.7,26623.0487122927,49554112.0,81.9685075986486,35.2563205089625,False
KOR,South Korea,2011,83.7591201534472,27393.455357272,49936638.0,81.9615408086376,36.353305205381,False
KOR,South Korea,2012,84.07,27944.0564190045,50199853.0,81.9087898200378,36.8000321131758,False
KOR,South Korea,2013,84.77,28732.711152033,50428893.0,81.8269383502703,37.4217663483917,False
KOR,South Korea,2014,87.5568264944747,29470.6732991655,50746659.0,81.7315682816954,37.9883114555998,False
KOR,South Korea,2015,89.8962557995106,30171.7906545222,51014947.0,81.639489860678,39.2759563055891,False
KOR,South Korea,2016,92.8430256796075,31005.4072876388,51217803.0,81.5559241797057,40.0712454963259,False
KOR,South Korea,2017,95.0694218761004,31979.9027302467,51361911.0,81.471030429984,41.1680978249153,False
KOR,South Korea,2018,96.0228595797887,32852.8887488942,51585058.0,81.3823523035196,41.2189959375994,False
KOR,South Korea,2019,96.157579184239,33496.3113815643,51764822.0,81.2901063535619,42.0373507524342,False
KOR,South Korea,2020,96.50506052,33215.9298928108,51836239.0,81.1759595622913,43.0540600860627,False
KOR,South Korea,2021,97.57132698,34792.9397214598,51769539.0,81.1616526507785,44.2526082339633,False
KOR,South Korea,2022,97.16855335,35809.0138105144,51672569.0,81.1624941626873,45.4542124182774,False
KOR,South Korea,2023,97.41597478,36347.7036392553,51712619.0,81.1645551720421,46.5676352036327,False
KOR,South Korea,2024,97.89563777,37048.4264001496,51751065.0,81.1682528469686,47.8014965507867,False
LAO,Laos,2010,7.0,1564.91068311647,6334194.0,30.6468600890172,0.0929084268653597,False
LAO,Laos,2011,9.0,1666.40086189871,6426590.0,31.2146877128668,0.10185806158476,False
LAO,Laos,2012,10.74769974,1774.63585203672,6518978.0,31.7422801040872,0.116245215124211,False
LAO,Laos,2013,12.5,1890.27861294875,6611385.0,32.2264033448341,0.136506949754098,False
LAO,Laos,2014,14.26000023,2006.31195444447,6703172.0,32.6638235172635,0.240468243989562,False
LAO,Laos,2015,18.20000076,2121.01339097363,6801645.0,33.1240204432199,0.213918838751508,False
LAO,Laos,2016,21.87000084,2234.76098741846,6908802.0,33.8267455533474,0.353548994456637,False
LAO,Laos,2017,25.51040077,2351.57441747595,7018147.0,34.5115346444216,0.387808918792952,False
LAO,Laos,2018,36.27130127,2459.97874636195,7128045.0,35.2050070032013,0.636626171692238,False
LAO,Laos,2019,47.03229904,2554.95638019245,7237636.0,35.9072880879451,1.0539352904733,False
LAO,Laos,2020,54.0,2529.74622698761,7346533.0,36.6185033569111,1.67210846259045,False
LAO,Laos,2021,62.0,2556.58912640405,7453194.0,37.338778268357,2.0226898696049,False
LAO,Laos,2022,64.54000092,2589.05015191628,7559007.0,38.0682382805397,2.38186047453058,False
LAO,Laos,2023,64.39800262,2648.88726608035,7664993.0,38.8070088517156,2.72021122524182,False
LAO,Laos,2024,65.59269714,2721.07810663082,7769819.0,39.5552154401406,,False
LKA,Sri Lanka,2010,6.912399769,2993.01411511147,20879089.0,17.2486209380693,1.09351514330917,False
LKA,Sri Lanka,2011,7.956399918,3232.37350382301,21009048.0,17.7881192817964,1.70878756619529,False
LKA,Sri Lanka,2012,9.00039959,3484.79049033884,21169458.0,18.2617686748284,1.67222042245956,False
LKA,Sri Lanka,2013,10.04440022,3728.93586647848,20585000.0,18.4323136480916,1.98679918143445,False
LKA,Sri Lanka,2014,10.5000026214106,3929.92062032185,20778000.0,18.6153877203724,2.63419031926553,False
LKA,Sri Lanka,2015,15.26249981,4057.7158346231,20970000.0,18.796256612131,2.88043182386208,False
LKA,Sri Lanka,2016,22.19,4214.74117992085,21209000.0,18.9747679368162,4.07189669081491,False
LKA,Sri Lanka,2017,25.07550049,4436.00789945768,21453000.0,19.1507693078088,5.5257624644358,False
LKA,Sri Lanka,2018,28.33620071,4493.03575444544,21670000.0,19.3241083384127,6.93976008216017,False
LKA,Sri Lanka,2019,32.02090073,4455.78189608267,21803000.0,19.4946326418437,7.43541256815093,False
LKA,Sri Lanka,2020,36.18473435,4227.23315306594,21919000.0,19.6621898312161,7.8962203692284,False
LKA,Sri Lanka,2021,44.45308724,4357.97225779491,22156000.0,19.8266275195269,10.5401488574725,False
LKA,Sri Lanka,2022,48.3,4033.14561476298,22181000.0,19.9877933196367,9.63609972688813,False
LKA,Sri Lanka,2023,51.2,3964.91987394354,22037000.0,20.1455348442463,8.76545173115153,False
LKA,Sri Lanka,2024,54.59,4186.4986638365,21916000.0,20.2996997058686,8.4682688580745,False
MEX,Mexico,2010,31.05,9389.06722084275,113623895.0,76.5244441414713,9.31394316309963,False
MEX,Mexico,2011,37.1762954125184,9575.93437788582,115243504.0,76.5667802279537,10.0362003918243,False
MEX,Mexico,2012,39.75,9782.51776305354,116818208.0,76.6585199140734,11.1945528217656,False
MEX,Mexico,2013,43.46,9738.71059803658,118343573.0,76.7955768077952,10.7719183026526,False
MEX,Mexico,2014,44.3856962723411,9862.48125444199,119784261.0,76.9741367091766,10.8799928230972,False
MEX,Mexico,2015,57.4310429923633,10021.2386118827,121072306.0,77.1903854182753,12.1891508368561,False
MEX,Mexico,2016,59.5404459967255,10100.5021214015,122251351.0,77.4405087351486,13.0255992017626,False
MEX,Mexico,2017,53.0317886110982,10193.7727193457,123400057.0,77.7206924598541,13.7767213511093,False
MEX,Mexico,2018,56.6595667981289,10296.8690928534,124573711.0,78.0271223924494,14.7373951154108,False
MEX,Mexico,2019,69.6321092705209,10159.4448364319,125762982.0,78.355984332992,15.3885155172291,False
MEX,Mexico,2020,71.49017499,9234.64362317923,126799054.0,78.677960602824,17.7520559419946,False
MEX,Mexico,2021,75.62650476,9728.05680032556,127648148.0,78.9324007418057,19.2796725887476,False
MEX,Mexico,2022,78.63217894,10013.2479236143,128613117.0,79.199683215791,20.6070256426489,False
MEX,Mexico,2023,81.18318755,10259.1766616403,129739759.0,79.4734935748046,20.752917384408,False
MEX,Mexico,2024,83.12233799,10316.4611902215,130861007.0,79.7538805976118,21.7367225364543,False
MMR,Myanmar,2010,0.25,854.932478027749,49024382.0,29.1415329218024,0.0468134407079318,False
MMR,Myanmar,2011,0.98,895.512538762631,49419820.0,29.2724765136213,0.0443101573417305,False
MMR,Myanmar,2012,1.399999976,953.123081936485,49837446.0,29.3956289363345,,False
MMR,Myanmar,2013,1.799999952,1024.69060474658,50262658.0,29.5103946237239,,False
MMR,Myanmar,2014,7.400000095,1099.24387751605,50681634.0,29.6164342116462,,False
MMR,Myanmar,2015,10.89999962,1166.73305547935,51089056.0,29.7166821191682,0.0644384582091319,False
MMR,Myanmar,2016,16.0,1225.37913972668,51495696.0,29.8129165582094,0.174162128034933,False
MMR,Myanmar,2017,23.621081950267,1290.56409027458,51894938.0,29.9051727703437,0.214986286331048,False
MMR,Myanmar,2018,29.37899971,1361.56831265985,52272247.0,29.993574050729,0.246880529164931,False
MMR,Myanmar,2019,36.54050064,1440.98988238708,52640713.0,30.0782436945232,0.92296052297012,False
MMR,Myanmar,2020,45.4477005,1301.3138635245,53016522.0,30.1593049968842,1.29924592186564,False
MMR,Myanmar,2021,45.4477005,1136.99566055698,53387102.0,30.2368812529698,1.67276170937317,True
MMR,Myanmar,2022,45.4477005,1174.76697947364,53756787.0,30.311095757938,2.09694638185872,True
MMR,Myanmar,2023,45.4477005,1177.76649647177,54133798.0,30.3820718069466,2.79829802446154,True
MMR,Myanmar,2024,,1158.47928099316,54500091.0,30.4499084074136,2.86965759378273,False
MNG,Mongolia,2010,10.2,2611.67326563924,2738622.0,67.8298018313254,2.84091834423251,False
MNG,Mongolia,2011,12.4999911084745,3010.81642672623,2786317.0,67.9196058798676,3.42607770710846,False
MNG,Mongolia,2012,16.4,3318.16496597089,2839705.0,67.9522782537785,3.94085550888065,False
MNG,Mongolia,2013,17.699984237,3628.90708069575,2899011.0,67.9776750055915,4.89953823458973,False
MNG,Mongolia,2014,19.9424474349209,3830.35892049593,2963113.0,67.9941357229626,6.77117608106174,False
MNG,Mongolia,2015,22.5000041337688,3838.92126989984,3026864.0,67.9999999906095,6.98959122144406,False
MNG,Mongolia,2016,22.2657705007562,3817.91962716702,3088856.0,67.9776754820979,7.43705957487671,False
MNG,Mongolia,2017,23.71430016,3956.2049437134,3148917.0,67.9260583223672,9.18362021979381,False
MNG,Mongolia,2018,47.1300018848989,4183.85566447661,3208189.0,67.8683444833372,9.66655365112798,False
MNG,Mongolia,2019,51.079994082603,4337.8167085432,3267673.0,67.8277299551557,9.83638257697054,False
MNG,Mongolia,2020,62.50002848,4066.03410882791,3327204.0,68.0894771770775,9.3475568899214,False
MNG,Mongolia,2021,81.60682285,4063.53669849245,3383741.0,69.2153244018555,11.3929982387502,False
MNG,Mongolia,2022,81.07720184,4205.88554513551,3433748.0,69.783805847168,12.9008288504333,False
MNG,Mongolia,2023,83.74320221,4456.53627552726,3481145.0,70.4464492797852,14.5529107220073,False
MNG,Mongolia,2024,85.12349701,4626.79609644243,3524788.0,70.9566040039062,15.7837343261767,False
MYS,Malaysia,2010,56.3,8118.92270511981,28655776.0,70.8625314831025,7.32068815724969,False
MYS,Malaysia,2011,61.0,8400.32248683558,29162039.0,71.4245166681964,8.59576382844835,False
MYS,Malaysia,2012,65.8,8710.52671359902,29662831.0,71.9680127926087,9.84700347717991,False
MYS,Malaysia,2013,57.05751226,8964.80724896203,30174265.0,72.4882717118078,9.73942530166021,False
MYS,Malaysia,2014,63.6654258813225,9341.73055971278,30696137.0,72.9802206910773,9.97193881432051,False
MYS,Malaysia,2015,71.0640678111957,9648.6797937523,31232798.0,73.4387869957006,9.80955980953099,False
MYS,Malaysia,2016,78.7883099275229,9901.47960179812,31789685.0,73.8588978909614,8.55245970508987,False
MYS,Malaysia,2017,80.1404790103961,10293.7629205362,32355644.0,74.2354806421432,8.30705146836206,False
MYS,Malaysia,2018,81.2010486181174,10610.1950240479,32910967.0,74.5634625145296,8.19179819298533,False
MYS,Malaysia,2019,84.1871450078281,10902.9834855856,33440596.0,74.8377707734042,8.86497357882019,False
MYS,Malaysia,2020,89.55501192,10171.4657842762,33889558.0,75.0511895575672,9.91101742902637,False
MYS,Malaysia,2021,96.7514278,10388.2667120857,34282399.0,75.5088628191907,10.8921782282506,False
MYS,Malaysia,2022,97.3986404,11191.6511756943,34695493.0,75.9741357073003,12.1753566089982,False
MYS,Malaysia,2023,97.69272633,11445.3925275079,35126298.0,76.4434752105739,13.0287000355119,False
MYS,Malaysia,2024,98.0206059,11883.79127749,35557673.0,76.9170296648992,13.5464432669708,False
NPL,Nepal,2010,7.93,721.265221364302,27341952.0,62.0156581578338,0.220090357850091,False
NPL,Nepal,2011,9.0,742.617252662576,27464494.0,63.139949798584,0.34464862159849,False
NPL,Nepal,2012,11.14929962,775.310578479839,27534915.0,63.6558406194333,0.837547528292715,False
NPL,Nepal,2013,13.30000019,801.039060847856,27589996.0,64.1314570156048,1.12887656815898,False
NPL,Nepal,2014,15.43999958,846.665541773599,27672370.0,64.5640847098488,0.905603676157843,False
NPL,Nepal,2015,17.58160019,875.543635474862,27823629.0,64.9510094249155,1.0879421947439,False
NPL,Nepal,2016,20.70000076,875.188943730855,27955462.0,65.2895168835553,0.801932731428298,False
NPL,Nepal,2017,24.3,951.857298563641,28011258.0,65.5768928085184,1.79644198771794,False
NPL,Nepal,2018,28.60000038,1021.91492204011,28079689.0,65.8104229225551,2.82040516901736,False
NPL,Nepal,2019,33.33660126,1077.11796498188,28414064.0,65.9873929484157,3.62848482357188,False
NPL,Nepal,2020,36.96530151,1031.53618783934,28966574.0,66.1050886088505,4.38436385331589,False
NPL,Nepal,2021,40.98910141,1062.7888430629,29475010.0,66.144235274522,4.30873475530627,False
NPL,Nepal,2022,45.45080185,1113.55462341223,29715436.0,66.2992968721053,8.51809813593178,False
NPL,Nepal,2023,45.80680084,1136.42769313825,29694614.0,66.5432933453944,10.6751345547041,False
NPL,Nepal,2024,46.32189941,1179.81272768386,29651054.0,66.772343163029,10.0656152054494,False
NZL,New Zealand,2010,80.45999908,35489.7631519026,4350700.0,85.8614043258228,25.1163240005796,False
NZL,New Zealand,2011,81.23000336,35957.523248516,4384000.0,85.8233151875134,26.8784082871289,False
NZL,New Zealand,2012,81.644470179502,36607.1493914827,4408100.0,85.777700676896,28.8325797270697,False
NZL,New Zealand,2013,82.77999878,37267.6586997514,4442100.0,85.7080129786455,29.5474635321209,False
NZL,New Zealand,2014,84.0,38056.2646732554,4516500.0,85.5076659530411,31.1741167278321,False
NZL,New Zealand,2015,85.19999695,38665.3723018158,4609400.0,85.1518763760531,31.4454027055313,False
NZL,New Zealand,2016,86.5,39235.3695566636,4714100.0,84.691365594,32.4618168012438,False
NZL,New Zealand,2017,87.69999695,39722.6068434219,4813600.0,84.1701025874108,32.8917841600814,False
NZL,New Zealand,2018,89.0,40371.5456268118,4900600.0,83.8017846685577,33.6193927294608,False
NZL,New Zealand,2019,89.86370087,40727.8822513384,4970300.0,83.804965871667,34.0227878966682,False
NZL,New Zealand,2020,90.92099762,39785.473128643,5072400.0,83.8138977095908,34.8130286721914,False
NZL,New Zealand,2021,91.99060059,41490.1148198326,5084600.0,83.8299382585905,35.262820014578,False
NZL,New Zealand,2022,93.07289886,42965.2749754735,5081700.0,83.8547305017812,36.3044927893768,False
NZL,New Zealand,2023,93.32610321,42573.2308423434,5200000.0,83.8898991461229,37.8530848455277,False
NZL,New Zealand,2024,93.51930237,42408.2378731636,5287500.0,83.9370658833132,38.048298946057,False
PAK,Pakistan,2010,8.0,1256.69482201323,199239047.0,34.8159187475539,0.396251142478111,False
PAK,Pakistan,2011,8.0,1261.83161907857,203746065.0,35.0113675889897,0.572428723960877,False
PAK,Pakistan,2012,8.100000381,1275.48806898966,207667125.0,35.2160229383731,0.730404005930164,False
PAK,Pakistan,2013,9.0,1309.70080446386,211073978.0,35.4315352494366,0.77134330599483,False
PAK,Pakistan,2014,10.0,1343.30778121043,214264647.0,35.6595549759128,0.93747803388209,False
PAK,Pakistan,2015,11.0,1380.47020838317,217290883.0,35.9017325715342,0.825252755772547,False
PAK,Pakistan,2016,12.385446763381,1452.18658269177,220138869.0,36.1597184900333,1.13034740811719,False
PAK,Pakistan,2017,13.77999973,1495.26187528032,223273967.0,36.4351548223399,1.03818686573522,False
PAK,Pakistan,2018,15.34000015,1561.68169819559,226928892.0,36.7478511550359,0.952870734503035,False
PAK,Pakistan,2019,17.070901719916,1573.8330826937,230800899.0,37.1091631735769,0.881514330669917,False
PAK,Pakistan,2020,18.935,1526.00597486307,235001746.0,37.5080192948099,1.03954036154268,False
PAK,Pakistan,2021,28.514499999999998,1595.02792175422,239477801.0,37.9333395514173,1.23144065449307,True
PAK,Pakistan,2022,38.093999999999994,1642.28066974826,243700667.0,38.3740439760816,1.28371909626329,True
PAK,Pakistan,2023,47.6735,1610.33122837537,247504495.0,38.8191861872791,1.35622425766449,True
PAK,Pakistan,2024,57.253,1634.56735260799,251269164.0,39.1734368360905,1.46559368502535,False
PER,Peru,2010,34.77,5167.39259325937,29086019.0,77.4020936833934,3.20601798410432,False
PER,Peru,2011,36.01,5453.45718713631,29304086.0,78.0118164985462,4.13514688702456,False
PER,Peru,2012,38.2,5740.04346272472,29550366.0,78.6488061451268,4.88245729342236,False
PER,Peru,2013,39.2,6021.46142765232,29817919.0,79.3105527820586,5.40886840560537,False
PER,Peru,2014,40.2446560091704,6103.91864749969,30115826.0,79.9945465682649,5.86753622497354,False
PER,Peru,2015,40.8526009090468,6231.71150338894,30457600.0,80.698277662669,6.56472932864047,False
PER,Peru,2016,45.4617406869459,6392.25474941014,30866494.0,81.4192362241943,6.87075765715407,False
PER,Peru,2017,50.4504121848143,6457.41940254721,31324637.0,82.1931650502403,7.37507987722252,False
PER,Peru,2018,55.0543342443197,6593.14437459526,31897584.0,82.6854929960921,8.09510839441633,False
PER,Peru,2019,59.9505036049006,6626.26083494969,32449303.0,83.1033003087105,7.38778580236377,False
PER,Peru,2020,65.25179796,5831.83024758521,32838579.0,83.5267437189637,8.41186520281526,False
PER,Peru,2021,71.10782643,6547.84718181776,33155882.0,83.9480118272361,9.05771410333768,False
PER,Peru,2022,74.67495213,6667.51695632036,33475438.0,84.3663554951194,9.45023631953673,False
PER,Peru,2023,79.48484477,6568.0002779793,33845617.0,84.7810255849745,10.4364266723222,False
PER,Peru,2024,81.95705992,6711.19403272527,34217848.0,85.1912729600355,11.6788671222106,False
PHL,Philippines,2010,25.0,2373.14312064664,96337125.0,45.5208176726647,,False
PHL,Philippines,2011,29.0,2416.75212064542,98248614.0,46.6833632464759,1.82292647914606,False
PHL,Philippines,2012,30.79999924,2533.74141964959,100175512.0,47.9182784810426,2.14283906030847,False
PHL,Philippines,2013,32.70000076,2654.41506933978,102076336.0,49.1313688766206,2.52046664370868,False
PHL,Philippines,2014,34.70000076,2776.92005909479,103767130.0,50.2392400212368,2.79471929116667,False
PHL,Philippines,2015,36.90000153,2909.85818010301,105312992.0,51.1549047745227,2.75369633406674,False
PHL,Philippines,2016,39.20000076,3076.3374186759,106735719.0,51.9114748151175,2.79705053563184,False
PHL,Philippines,2017,41.59999847,3247.4503878362,108119693.0,52.6010482354344,3.14400726239576,False
PHL,Philippines,2018,44.09999847,3410.93647976109,109465287.0,53.2088897464754,3.46090446005956,False
PHL,Philippines,2019,43.0266118680279,3575.88170922922,110804683.0,53.7157859948017,5.69730703529922,False
PHL,Philippines,2020,53.76490021,3198.66690008413,112081264.0,54.1077719895977,7.08108894988907,False
PHL,Philippines,2021,66.90779877,3350.97587587776,113100950.0,54.4504102510776,8.50897715713263,False
PHL,Philippines,2022,75.21114422,3577.70136573244,113964338.0,54.7902343568327,7.63946525096298,False
PHL,Philippines,2023,77.86699677,3744.69763802928,114891199.0,55.1242716168851,6.5393085505183,False
PHL,Philippines,2024,67.26300914,3925.3048697218,115843670.0,55.4520983215477,7.13893301204977,False
PNG,Papua New Guinea,2010,1.28,2140.50939027384,7633523.0,13.0021920069407,0.0799106782019259,False
PNG,Papua New Guinea,2011,2.0,2102.03192060639,7859346.0,13.0000025015364,0.0954277875029296,False
PNG,Papua New Guinea,2012,3.5,2139.48096660428,8081390.0,13.0143796071362,0.113841801967236,False
PNG,Papua New Guinea,2013,5.099999905,2162.10592595591,8302698.0,13.0582475733094,0.136100337504748,False
PNG,Papua New Guinea,2014,6.5,2391.3578028163,8523441.0,13.1316404025265,0.154867030815371,False
PNG,Papua New Guinea,2015,7.900000095,2484.5963398603,8743246.0,13.2341359836319,0.171560996911216,False
PNG,Papua New Guinea,2016,9.601499557,2557.09463030035,8961718.0,13.3653651942392,0.189695770386883,False
PNG,Papua New Guinea,2017,11.20919991,2584.8883636271,9178714.0,13.5249644881888,0.196105903288849,False
PNG,Papua New Guinea,2018,12.35789967,2518.45899317321,9394513.0,13.7125720532162,,False
PNG,Papua New Guinea,2019,13.62419987,2572.56177967896,9609010.0,13.9278267446947,0.208137987159968,False
PNG,Papua New Guinea,2020,15.02040005,2438.61137922293,9815746.0,14.1703677185729,0.213941966305974,False
PNG,Papua New Guinea,2021,16.55960083,2378.3716816549,10012896.0,14.4398342822353,0.209729532794508,False
PNG,Papua New Guinea,2022,18.25659943,2467.23488790877,10203169.0,14.7358658260841,0.214639196900492,False
PNG,Papua New Guinea,2023,18.56130028,2515.29070398356,10389635.0,15.0581017891206,0.228111959659795,False
PNG,Papua New Guinea,2024,18.81159973,2564.73748186493,10576502.0,15.4061816403333,0.232591077844073,False
SGP,Singapore,2010,71.0,48752.0515441859,5076732.0,100.0,26.3619521238271,False
SGP,Singapore,2011,71.0,50713.5326393594,5183688.0,100.0,27.1735826927318,False
SGP,Singapore,2012,72.0,51679.352717333,5312437.0,100.0,27.0679759849169,False
SGP,Singapore,2013,80.90209961,53298.9728558286,5399162.0,100.0,27.7295626772787,False
SGP,Singapore,2014,79.0292358633435,54681.9336458253,5469724.0,100.0,27.0067241979516,False
SGP,Singapore,2015,79.0129570025584,55645.6068614606,5535002.0,100.0,26.8978922564041,False
SGP,Singapore,2016,84.4522678893074,56986.7853102911,5607283.0,100.0,28.5392609803278,False
SGP,Singapore,2017,84.4522678893074,59485.3015873921,5612253.0,100.0,26.3326099315534,False
SGP,Singapore,2018,88.1656360313447,61250.3476672302,5638676.0,100.0,26.50873593831,False
SGP,Singapore,2019,88.9492526850762,61345.5291820062,5703569.0,100.0,26.5276177370284,False
SGP,Singapore,2020,92.00434653,59189.70385743,5685807.0,100.0,26.8622723592787,False
SGP,Singapore,2021,96.92468156,67731.2610711717,5453566.0,100.0,27.5210996900631,False
SGP,Singapore,2022,95.95386476,68218.805333562,5637022.0,100.0,27.5510032505086,False
SGP,Singapore,2023,94.28518987,66167.3596303607,5917648.0,100.0,27.4343636046425,False
SGP,Singapore,2024,94.37757178,67706.8336149739,6036860.0,100.0,27.813655026664,False
SLB,Solomon Islands,2010,5.0,2058.95691648883,532968.0,20.1194058206257,0.473199141411867,False
SLB,Solomon Islands,2011,6.0,2132.02844199392,552945.0,20.7284892962955,0.43946504625234,False
SLB,Solomon Islands,2012,6.997399807,2105.91423758379,573606.0,21.3906964219987,0.371683699263955,False
SLB,Solomon Islands,2013,8.0,2136.72116177034,594945.0,22.1027262484765,0.316667927287396,False
SLB,Solomon Islands,2014,9.0,2085.16067273086,616908.0,22.8612778264703,0.216401797350658,False
SLB,Solomon Islands,2015,10.00049973,2045.47721526649,639415.0,23.6630502067213,0.222077993165628,False
SLB,Solomon Islands,2016,11.00090027,2084.24845745225,662379.0,24.5047424399707,0.247441419489446,False
SLB,Solomon Islands,2017,15.14840031,2075.36705302305,685672.0,25.3830535769599,0.170052153216115,False
SLB,Solomon Islands,2018,20.8593998,2061.8996970669,709101.0,26.2946826684302,0.209843167616461,False
SLB,Solomon Islands,2019,22.48880005,2043.09139778307,728147.0,27.275106750276,0.143514977058204,False
SLB,Solomon Islands,2020,24.1984005,1930.65510307199,744498.0,28.0327555150022,0.134318695281922,False
SLB,Solomon Islands,2021,26.03790092,1880.5519827183,762591.0,28.6889396820578,0.131131891144795,False
SLB,Solomon Islands,2022,28.01729965,1788.61727922057,781066.0,29.3511689856806,0.107033208461257,False
SLB,Solomon Islands,2023,28.67239952,1795.88798697142,800005.0,30.0088821088389,,False
SLB,Solomon Islands,2024,29.04070091,1806.38367324387,819198.0,30.6617188562194,,False
THA,Thailand,2010,22.4,5059.35747831657,68579447.0,44.0018736622496,4.74172823236676,False
THA,Thailand,2011,23.669925618731,5070.23740191942,69007208.0,44.8048723557374,5.64433790742555,False
THA,Thailand,2012,26.46,5403.87846036273,69436098.0,45.373565813715,6.50814220580194,False
THA,Thailand,2013,28.94,5516.61164164135,69845114.0,45.8321343847773,7.43359084502317,False
THA,Thailand,2014,34.8860535783465,5541.46599361845,70216367.0,46.3138799467897,7.74748143833759,False
THA,Thailand,2015,39.3161267365004,5688.85335397884,70540795.0,46.9521043776171,8.83035128821556,False
THA,Thailand,2016,47.5049656215909,5857.78052935926,70859841.0,47.8801095551247,10.187716904417,False
THA,Thailand,2017,52.8919293439676,6076.74307700082,71160187.0,49.2311973571777,11.5345396717409,False
THA,Thailand,2018,56.8174809301456,6314.19948412043,71376079.0,54.5843734741211,12.8740610702362,False
THA,Thailand,2019,66.6524194587528,6434.53770518034,71522271.0,55.9266166687012,14.1338059581469,False
THA,Thailand,2020,77.84374066,6035.18627737077,71641484.0,57.2358779907227,16.021813562656,False
THA,Thailand,2021,85.26956666,6121.52696529713,71727332.0,58.5087776184082,17.3168855632327,False
THA,Thailand,2022,87.97724503,6278.7855138276,71735329.0,59.742374420166,17.5125815621477,False
THA,Thailand,2023,89.53525238,6408.41432577294,71702435.0,60.9341926574707,14.5089451983046,False
THA,Thailand,2024,90.86718789,6574.46109387985,71668011.0,61.8689338391321,14.8870491187484,False
TLS,Timor-Leste,2010,3.0,1195.38066079604,1084679.0,29.6398840020416,0.0460965871008842,False
TLS,Timor-Leste,2011,4.0,1237.48380284894,1110207.0,29.633352306451,0.0495403109510208,False
TLS,Timor-Leste,2012,7.0,1269.41625561248,1134885.0,29.6136082349605,0.0528687928732867,False
TLS,Timor-Leste,2013,11.0,1281.92864043187,1158695.0,29.5836906253246,0.0604127919771812,False
TLS,Timor-Leste,2014,17.5,1312.96494988639,1181903.0,29.5463092024041,0.0869783730136906,False
TLS,Timor-Leste,2015,18.60000038,1319.59295003154,1205131.0,29.5043315008419,0.0853019298316946,False
TLS,Timor-Leste,2016,21.20000076,1333.65856117568,1228312.0,29.4462907628171,,False
TLS,Timor-Leste,2017,24.20000076,1267.08661597675,1251703.0,29.3600996787092,0.267315808941898,False
TLS,Timor-Leste,2018,27.60000038,1237.2006590123,1275959.0,29.248617510057,0.00548606969346194,False
TLS,Timor-Leste,2019,28.00460052,1507.24743550088,1300945.0,29.1148755245217,0.00684118083393226,False
TLS,Timor-Leste,2020,32.01269913,1947.83992943521,1326053.0,28.9619049897647,0.00625917666940914,False
TLS,Timor-Leste,2021,35.04199982,2015.82035757039,1350139.0,28.7927371734472,0.0101471033723194,False
TLS,Timor-Leste,2022,35.04199982,1579.71085276403,1369295.0,28.5857292288968,0.0100051486348815,True
TLS,Timor-Leste,2023,35.04199982,1279.21122757564,1384286.0,28.595471832952,0.00577915257396232,True
TLS,Timor-Leste,2024,35.04199982,1149.21888298011,1400638.0,28.6641074179574,0.00599726695977119,True
TON,Tonga,2010,16.0,3653.97801722796,107400.0,23.4243619099178,1.02420856610801,False
TON,Tonga,2011,25.0,3892.76791192676,107570.0,23.46075468367,1.20851538533048,False
TON,Tonga,2012,30.0,3932.59350453286,107460.0,23.4589062635692,1.39586823003908,False
TON,Tonga,2013,32.75400162,3962.16964095596,107078.0,23.4170795020344,1.58762771064084,False
TON,Tonga,2014,35.95439911,4058.815614369,106609.0,23.3431040935971,1.68841279816901,False
TON,Tonga,2015,38.65129852,4123.90323993332,106095.0,23.2434422818439,2.31679155473868,False
TON,Tonga,2016,39.95000076,4419.81472868939,105524.0,23.1277038505921,2.84295515712066,False
TON,Tonga,2017,46.20080185,4568.62468668733,105356.0,22.9711300654966,2.84748851512966,False
TON,Tonga,2018,48.80789948,4583.5594849415,105567.0,22.7017138925547,2.38616234239867,False
TON,Tonga,2019,51.56299973,4566.07497816235,105669.0,22.3288155626206,3.5043390209049,False
TON,Tonga,2020,54.47370148,4647.0076512901,105704.0,21.8766206823411,4.73018996442897,False
TON,Tonga,2021,57.549,4612.90046969933,105490.0,21.258003897665,6.4574841217177,False
TON,Tonga,2022,61.60739899,4533.96790206106,105042.0,21.147219451842,8.17387330781973,False
TON,Tonga,2023,64.13140106,4680.29974543195,104597.0,21.147944541337,,False
TON,Tonga,2024,67.4417038,,104175.0,21.1505271125521,,False
TWN,Taiwan,2010,,,,,,False
TWN,Taiwan,2011,,,,,,False
TWN,Taiwan,2012,,,,,,False
TWN,Taiwan,2013,,,,,,False
TWN,Taiwan,2014,,,,,,False
TWN,Taiwan,2015,,,,,,False
TWN,Taiwan,2016,,,,,,False
TWN,Taiwan,2017,,,,,,False
TWN,Taiwan,2018,,,,,,False
TWN,Taiwan,2019,,,,,,False
TWN,Taiwan,2020,,,,,,False
TWN,Taiwan,2021,,,,,,False
TWN,Taiwan,2022,,,,,,False
TWN,Taiwan,2023,,,,,,False
TWN,Taiwan,2024,,,,,,False
USA,United States,2010,71.69,52555.7695134023,309378227.0,80.6997744673366,27.1720060120338,False
USA,United States,2011,69.7294607619268,52956.6630340962,311839461.0,80.6957554256024,28.117023946999,False
USA,United States,2012,74.7,53738.1476714593,314339099.0,80.6837493386238,29.1736109719443,False
USA,United States,2013,71.4,54462.6252412407,316726282.0,80.660889281215,29.9996164764959,False
USA,United States,2014,73.0,55394.4510435329,319257560.0,80.6242231779766,30.270920842,False
USA,United States,2015,74.5542024462761,56572.9188996063,321815121.0,80.5707989535091,31.3412129772455,False
USA,United States,2016,85.5444212887222,57151.4708448372,324353340.0,80.4976645324131,32.1144006365866,False
USA,United States,2017,87.2748891687657,58151.7021391854,326608609.0,80.4018678392891,32.5702836317829,False
USA,United States,2018,88.498903165152,59526.665698712,328529577.0,80.2804567987377,33.0559177307939,False
USA,United States,2019,89.4302848575712,60750.9898621637,330226227.0,80.1304793353594,33.835216356436,False
USA,United States,2020,90.34470367,59194.6665172031,331577720.0,79.997451762548,35.7156999293054,False
USA,United States,2021,91.2684021,62680.2503585805,332099760.0,80.0074765140272,37.0074278936277,False
USA,United States,2022,92.72850037,63886.1317069841,334017321.0,80.0324978239707,37.4887954801437,False
USA,United States,2023,93.52559662,65186.5977244157,336806231.0,80.071561119178,38.0939254696383,False
USA,United States,2024,94.69380188,66356.1706750101,340110988.0,80.1247798047184,38.8571729185246,False
VNM,Vietnam,2010,30.65,2027.58184375924,87455152.0,30.2504027258526,4.19566019392431,False
VNM,Vietnam,2011,35.07,2132.90453762087,88468314.0,30.6996041680996,4.33850926558858,False
VNM,Vietnam,2012,36.79999924,2224.11404253256,89510356.0,31.1222779403029,5.33498939497012,False
VNM,Vietnam,2013,38.5,2320.08431444934,90573104.0,31.5334201724543,5.68885880294,False
VNM,Vietnam,2014,41.0,2439.28655744423,91679578.0,31.9480269945454,6.54510757019409,False
VNM,Vietnam,2015,45.0,2577.56885340113,92823254.0,32.3810945365679,8.24967739226207,False
VNM,Vietnam,2016,53.0,2715.57887431272,94000117.0,32.8476189285136,9.679017739946,False
VNM,Vietnam,2017,58.1400000036297,2868.13680013379,95176977.0,33.3625963003742,11.8410316814328,False
VNM,Vietnam,2018,69.8479286837965,3048.28327602145,96237319.0,33.9410227821412,13.5025072757898,False
VNM,Vietnam,2019,68.6615802057338,3241.07648966529,97173776.0,34.6239134999511,15.2328957557438,False
VNM,Vietnam,2020,70.30000012,3303.16949807493,98079191.0,35.5706676299742,17.0262915402718,False
VNM,Vietnam,2021,74.20999985,3358.21734764714,98935098.0,36.6540656426603,19.5362327330994,False
VNM,Vietnam,2022,78.58999918,3617.66311465012,99680655.0,37.5478515625,21.3681380805533,False
VNM,Vietnam,2023,78.08,3775.46375555802,100352192.0,38.1298904418945,22.6806675035061,False
VNM,Vietnam,2024,84.15,4017.74604111554,100987686.0,38.4900703430176,23.711259212336,False
VUT,Vanuatu,2010,8.0,2856.77377649901,238248.0,24.742504119873,0.209865350391189,False
VUT,Vanuatu,2011,9.199999809,2883.22689591881,243474.0,24.7861634049013,0.138413136515603,False
VUT,Vanuatu,2012,10.59799957,2849.05448321427,248883.0,24.8183551383933,0.124556518524769,False
VUT,Vanuatu,2013,11.30000019,2799.28262661802,254482.0,24.8407362750263,0.121816081294551,False
VUT,Vanuatu,2014,18.79999924,2807.83422956759,260240.0,24.8549637694775,1.75568705810022,False
VUT,Vanuatu,2015,22.35140038,2854.89412272653,266101.0,24.8626945764242,1.61480039533861,False
VUT,Vanuatu,2016,22.35140038,2889.01404801498,272087.0,24.8654875642873,1.61198440204787,True
VUT,Vanuatu,2017,22.35140038,2946.96186165079,278507.0,24.7644441456437,,True
VUT,Vanuatu,2018,22.35140038,2960.65376683153,285259.0,24.2729727045038,,True
VUT,Vanuatu,2019,,2986.2036911437,291985.0,23.5024668917075,2.70150863914242,False
VUT,Vanuatu,2020,,2771.87098808052,298858.0,22.4186852094794,0.931880692502794,False
VUT,Vanuatu,2021,,2666.30269843855,305868.0,22.2501822422475,1.03214458524592,False
VUT,Vanuatu,2022,,2740.27545530661,313046.0,22.2541249733107,1.1263520377197,False
VUT,Vanuatu,2023,,2733.35978526081,320409.0,22.2651966823901,1.23342353055002,False
VUT,Vanuatu,2024,,2697.09183254533,327777.0,22.2866933360645,1.15566375920214,False
WSM,Samoa,2010,7.0,4081.15535978003,193023.0,19.8302101862085,0.103614595151873,False
WSM,Samoa,2011,11.0,4201.45663738908,194713.0,19.6174273708146,,False
WSM,Samoa,2012,12.92249966,4007.91092846814,196498.0,19.478718368689,0.551659558875917,False
WSM,Samoa,2013,15.30000019,3976.39289268132,198268.0,19.3865949620667,0.624407367805193,False
WSM,Samoa,2014,21.20000076,3967.23730470679,200037.0,19.3126679480432,1.01031309207797,False
WSM,Samoa,2015,21.20000076,4084.36083819933,201782.0,19.2340105383551,1.03279777185279,True
WSM,Samoa,2016,21.20000076,4373.23792440391,203499.0,19.126462366749,1.06585290345407,True
WSM,Samoa,2017,21.20000076,4393.37316255965,205415.0,18.9657191879831,0.823698366721028,True
WSM,Samoa,2018,,4321.00518344962,207582.0,18.7241267935467,0.815099575107668,False
WSM,Samoa,2019,,4466.08075482035,209780.0,18.4147344481283,0.806559252550291,False
WSM,Samoa,2020,,4283.06392492734,211944.0,18.0516608994722,0.798324085607519,False
WSM,Samoa,2021,,4032.13733959294,213779.0,17.5672426452007,0.791471566430753,False
WSM,Samoa,2022,,4095.15868286688,215261.0,17.5007949951039,0.87753935919651,False
WSM,Samoa,2023,,4688.4631403154,216663.0,17.5012799804602,,False
WSM,Samoa,2024,,4880.54418032056,218019.0,17.5029115108018,,False
